date,time,name,subject,confidence,quality
2026-09-16,22:09:17,yoges22,General,0.6645,0.527
2026-09-16,22:16:12,yoges22,Physics,0.6433,0.36
2026-09-16,22:16:42,yoges22,Physics,0.6331,0.549
2026-09-16,22:17:12,yoges22,Chemistry,0.687,0.552
2026-10-08,05:52:52,yoges22,General,0.5289,0.733
2026-10-08,06:00:44,yoges22,General,0.5445,0.649
2026-10-08,08:49:42,yoges22,General,0.5645,0.718
2026-10-08,08:53:12,abilash,General,0.8468,0.69
2026-10-08,08:53:12,yoges22,General,0.5444,0.653
2026-10-08,08:53:14,deena,General,0.5564,0.661
2026-10-08,08:53:18,sammer,General,0.4727,0.528
2026-10-08,08:53:44,deena,General,0.7575,0.685
2026-10-08,08:53:49,abilash,General,0.3766,0.44
2026-10-08,08:53:49,sammer,General,0.5679,0.593
2026-10-08,08:54:19,sammer,General,0.6369,0.88
